id,title,slug,productName,metaTitle,metaDescription,content,featuredImage,status,seoScore,lastModified
1,"Premium Wireless Headphones - Product Page",premium-wireless-headphones,Premium Wireless Headphones,"Premium Wireless Headphones | Best Audio Experience","Experience exceptional sound quality with our premium wireless headphones featuring advanced noise cancellation.","Detailed product description with specifications, features, and benefits...","/placeholder.svg?height=200&width=300",PUBLISHED,85,2024-01-15
2,"Smart Fitness Watch - Product Page",smart-fitness-watch,Smart Fitness Watch,"Smart Fitness Watch | Advanced Health Tracking","Track your fitness goals with our advanced smart watch featuring heart rate monitoring and GPS tracking.","Comprehensive fitness tracking with 24/7 heart rate monitoring, GPS, and 7-day battery life...","/placeholder.svg?height=200&width=300",PUBLISHED,88,2024-01-15
3,"Organic Cotton T-Shirt - Product Page",organic-cotton-tshirt,Organic Cotton T-Shirt,"Organic Cotton T-Shirt | Sustainable Fashion","Comfortable and sustainable organic cotton t-shirts available in multiple colors and sizes.","Made from 100% organic cotton, these comfortable t-shirts are perfect for everyday wear...","/placeholder.svg?height=200&width=300",PUBLISHED,82,2024-01-15
4,"Wireless Bluetooth Speaker - Product Page",wireless-bluetooth-speaker,Wireless Bluetooth Speaker,"Wireless Bluetooth Speaker | Portable Audio","Portable wireless speaker with 20-hour battery life and crystal clear sound quality.","Take your music anywhere with this portable Bluetooth speaker featuring 360-degree sound...","/placeholder.svg?height=200&width=300",PUBLISHED,86,2024-01-15
5,"Stainless Steel Water Bottle - Product Page",stainless-steel-water-bottle,Stainless Steel Water Bottle,"Stainless Steel Water Bottle | Insulated Hydration","Keep your drinks cold for 24 hours with our premium insulated stainless steel water bottles.","Double-wall insulation keeps drinks cold for 24 hours or hot for 12 hours...","/placeholder.svg?height=200&width=300",PUBLISHED,90,2024-01-15
6,"Yoga Mat - Product Page",yoga-mat,Yoga Mat,"Yoga Mat | Non-Slip Exercise Mat","Premium non-slip yoga mat with carrying strap for comfortable workouts and meditation.","Extra thick 6mm yoga mat with non-slip surface perfect for yoga, pilates, and meditation...","/placeholder.svg?height=200&width=300",PUBLISHED,84,2024-01-15
7,"LED Desk Lamp - Product Page",led-desk-lamp,LED Desk Lamp,"LED Desk Lamp | Adjustable Lighting","Adjustable LED desk lamp with USB charging port and multiple brightness levels.","Modern LED desk lamp with adjustable arm, USB charging port, and 5 brightness levels...","/placeholder.svg?height=200&width=300",PUBLISHED,87,2024-01-15
8,"Wireless Charging Pad - Product Page",wireless-charging-pad,Wireless Charging Pad,"Wireless Charging Pad | Fast Charging","Fast wireless charging pad compatible with all Qi-enabled smartphones and devices.","10W fast wireless charging pad with LED indicator and non-slip surface...","/placeholder.svg?height=200&width=300",PUBLISHED,83,2024-01-15
9,"Portable Power Bank - Product Page",portable-power-bank,Portable Power Bank,"Portable Power Bank | Fast Charging","10000mAh portable power bank with fast charging for smartphones and tablets.","High-capacity power bank with USB-C and USB-A ports for fast charging multiple devices...","/placeholder.svg?height=200&width=300",PUBLISHED,89,2024-01-15
